code,image_path
271002935,unzipped_data/1/WhatsApp Image 2026-04-29 at 1.22.57 PM.jpeg
10028269,unzipped_data/1/WhatsApp Image 2026-04-29 at 1.22.58 PM (1).jpeg
10028268,unzipped_data/1/WhatsApp Image 2026-04-29 at 1.22.58 PM.jpeg
10025542,unzipped_data/1/WhatsApp Image 2026-04-29 at 1.22.59 PM (1).jpeg
10027276,unzipped_data/1/WhatsApp Image 2026-04-29 at 1.22.59 PM.jpeg
10027632,unzipped_data/1/WhatsApp Image 2026-04-29 at 1.23.00 PM (1).jpeg
,unzipped_data/1/WhatsApp Image 2026-04-29 at 1.23.00 PM.jpeg
100294,unzipped_data/1/WhatsApp Image 2026-04-29 at 1.23.01 PM (1).jpeg
10029460,unzipped_data/1/WhatsApp Image 2026-04-29 at 1.23.01 PM (2).jpeg
,unzipped_data/1/WhatsApp Image 2026-04-29 at 1.23.01 PM.jpeg
10029028,unzipped_data/1/WhatsApp Image 2026-04-29 at 1.23.02 PM (1).jpeg
10029129,unzipped_data/1/WhatsApp Image 2026-04-29 at 1.23.02 PM.jpeg
10029029,unzipped_data/1/WhatsApp Image 2026-04-29 at 1.23.03 PM.jpeg
,unzipped_data/1/WhatsApp Image 2026-04-29 at 1.23.04 PM (1).jpeg
10029232,unzipped_data/1/WhatsApp Image 2026-04-29 at 1.23.04 PM (2).jpeg
10029142,unzipped_data/1/WhatsApp Image 2026-04-29 at 1.23.04 PM.jpeg
10029354,unzipped_data/1/WhatsApp Image 2026-04-29 at 1.23.05 PM (1).jpeg
1002930,unzipped_data/1/WhatsApp Image 2026-04-29 at 1.23.05 PM.jpeg
10027281,unzipped_data/1/WhatsApp Image 2026-04-29 at 1.23.06 PM (1).jpeg
10027684,unzipped_data/1/WhatsApp Image 2026-04-29 at 1.23.06 PM (2).jpeg
10029355,unzipped_data/1/WhatsApp Image 2026-04-29 at 1.23.06 PM.jpeg
10027279,unzipped_data/1/WhatsApp Image 2026-04-29 at 1.23.07 PM (1).jpeg
10028758,unzipped_data/1/WhatsApp Image 2026-04-29 at 1.23.07 PM (2).jpeg
10027896,unzipped_data/1/WhatsApp Image 2026-04-29 at 1.23.07 PM.jpeg
10027280,unzipped_data/1/WhatsApp Image 2026-04-29 at 1.23.08 PM (1).jpeg
10028755,unzipped_data/1/WhatsApp Image 2026-04-29 at 1.23.08 PM.jpeg
10028753,unzipped_data/1/WhatsApp Image 2026-04-29 at 1.23.09 PM (1).jpeg
10027278,unzipped_data/1/WhatsApp Image 2026-04-29 at 1.23.09 PM (2).jpeg
10028754,unzipped_data/1/WhatsApp Image 2026-04-29 at 1.23.09 PM.jpeg
,unzipped_data/1/WhatsApp Image 2026-04-29 at 1.23.10 PM (1).jpeg
10029131,unzipped_data/1/WhatsApp Image 2026-04-29 at 1.23.10 PM (2).jpeg
10028757,unzipped_data/1/WhatsApp Image 2026-04-29 at 1.23.10 PM.jpeg
10028845,unzipped_data/1/WhatsApp Image 2026-04-29 at 1.23.11 PM (1).jpeg
10029342,unzipped_data/1/WhatsApp Image 2026-04-29 at 1.23.11 PM (2).jpeg
271002947,unzipped_data/1/WhatsApp Image 2026-04-29 at 1.23.11 PM.jpeg
10029350,unzipped_data/1/WhatsApp Image 2026-04-29 at 1.23.12 PM.jpeg
10029463,unzipped_data/1/WhatsApp Image 2026-04-29 at 1.24.05 PM (1).jpeg
10027912,unzipped_data/1/WhatsApp Image 2026-04-29 at 1.24.05 PM.jpeg
,unzipped_data/1/WhatsApp Image 2026-04-29 at 1.24.06 PM (1).jpeg
10029230,unzipped_data/1/WhatsApp Image 2026-04-29 at 1.24.06 PM (2).jpeg
,unzipped_data/1/WhatsApp Image 2026-04-29 at 1.24.06 PM.jpeg
10029352,unzipped_data/1/WhatsApp Image 2026-04-29 at 1.24.07 PM (1).jpeg
10029353,unzipped_data/1/WhatsApp Image 2026-04-29 at 1.24.07 PM.jpeg
10029365,unzipped_data/1/WhatsApp Image 2026-04-29 at 1.24.08 PM (1).jpeg
10028810,unzipped_data/1/WhatsApp Image 2026-04-29 at 1.24.08 PM.jpeg
10029472,unzipped_data/1/WhatsApp Image 2026-04-29 at 1.24.09 PM (1).jpeg
100294,unzipped_data/1/WhatsApp Image 2026-04-29 at 1.24.09 PM.jpeg
10029128,unzipped_data/1/WhatsApp Image 2026-04-29 at 1.24.13 PM.jpeg
10029444,unzipped_data/1/WhatsApp Image 2026-04-29 at 1.24.14 PM (1).jpeg
10029443,unzipped_data/1/WhatsApp Image 2026-04-29 at 1.24.14 PM.jpeg
10029263,unzipped_data/1/WhatsApp Image 2026-04-29 at 1.24.15 PM (1).jpeg
10029262,unzipped_data/1/WhatsApp Image 2026-04-29 at 1.24.15 PM.jpeg
,unzipped_data/1/WhatsApp Image 2026-04-29 at 1.24.16 PM.jpeg
10029369,unzipped_data/1/WhatsApp Image 2026-04-29 at 1.24.17 PM (1).jpeg
10029332,unzipped_data/1/WhatsApp Image 2026-04-29 at 1.24.17 PM.jpeg
10029364,unzipped_data/1/WhatsApp Image 2026-04-29 at 1.24.18 PM.jpeg
10029440,unzipped_data/1/WhatsApp Image 2026-04-29 at 1.24.19 PM.jpeg
10029441,unzipped_data/1/WhatsApp Image 2026-04-29 at 1.24.21 PM.jpeg
10029439,unzipped_data/1/WhatsApp Image 2026-04-29 at 1.24.22 PM.jpeg
10029370,unzipped_data/1/WhatsApp Image 2026-04-29 at 1.24.23 PM.jpeg
10029367,unzipped_data/1/WhatsApp Image 2026-04-29 at 1.24.24 PM.jpeg
10029363,unzipped_data/1/WhatsApp Image 2026-04-29 at 1.24.25 PM.jpeg
10029366,unzipped_data/1/WhatsApp Image 2026-04-29 at 1.24.27 PM.jpeg
10029371,unzipped_data/1/WhatsApp Image 2026-04-29 at 1.24.28 PM.jpeg
10029372,unzipped_data/1/WhatsApp Image 2026-04-29 at 1.24.29 PM.jpeg
10029442,unzipped_data/1/WhatsApp Image 2026-04-29 at 1.24.30 PM.jpeg
10028568,unzipped_data/1/WhatsApp Image 2026-04-29 at 1.24.31 PM.jpeg
10028569,unzipped_data/1/WhatsApp Image 2026-04-29 at 1.24.32 PM.jpeg
10029331,unzipped_data/1/WhatsApp Image 2026-04-29 at 1.24.34 PM.jpeg
10029461,unzipped_data/1/WhatsApp Image 2026-04-29 at 1.24.37 PM (1).jpeg
10029233,unzipped_data/1/WhatsApp Image 2026-04-29 at 1.24.37 PM.jpeg
10029462,unzipped_data/1/WhatsApp Image 2026-04-29 at 1.24.38 PM.jpeg
271002946,unzipped_data/1/WhatsApp Image 2026-04-29 at 1.24.39 PM (1).jpeg
271002945,unzipped_data/1/WhatsApp Image 2026-04-29 at 1.24.39 PM.jpeg
214100294,unzipped_data/1/WhatsApp Image 2026-04-29 at 1.24.40 PM.jpeg
10029228,unzipped_data/1/WhatsApp Image 2026-04-29 at 1.24.41 PM (1).jpeg
10029458,unzipped_data/1/WhatsApp Image 2026-04-29 at 1.24.41 PM.jpeg
10029229,unzipped_data/1/WhatsApp Image 2026-04-29 at 1.24.42 PM.jpeg
10029345,unzipped_data/1/WhatsApp Image 2026-04-29 at 1.24.44 PM.jpeg
10028130,unzipped_data/1/WhatsApp Image 2026-04-29 at 1.24.45 PM (1).jpeg
10029346,unzipped_data/1/WhatsApp Image 2026-04-29 at 1.24.45 PM.jpeg
10029271,unzipped_data/1/WhatsApp Image 2026-04-29 at 1.24.46 PM.jpeg
00029290,unzipped_data/1/WhatsApp Image 2026-04-29 at 1.24.47 PM.jpeg
10029272,unzipped_data/1/WhatsApp Image 2026-04-29 at 1.24.48 PM.jpeg
10029454,unzipped_data/1/WhatsApp Image 2026-04-29 at 1.24.49 PM (1).jpeg
10029273,unzipped_data/1/WhatsApp Image 2026-04-29 at 1.24.49 PM.jpeg
10027806,unzipped_data/1/WhatsApp Image 2026-04-29 at 1.24.50 PM (1).jpeg
10029274,unzipped_data/1/WhatsApp Image 2026-04-29 at 1.24.50 PM.jpeg
10029416,unzipped_data/1/WhatsApp Image 2026-04-29 at 1.25.38 PM (1).jpeg
10018003,unzipped_data/1/WhatsApp Image 2026-04-29 at 1.25.38 PM.jpeg
10029417,unzipped_data/1/WhatsApp Image 2026-04-29 at 1.25.39 PM (1).jpeg
100292,unzipped_data/1/WhatsApp Image 2026-04-29 at 1.25.39 PM.jpeg
1002757,unzipped_data/1/WhatsApp Image 2026-04-29 at 1.25.40 PM (1).jpeg
,unzipped_data/1/WhatsApp Image 2026-04-29 at 1.25.40 PM.jpeg
10027572,unzipped_data/1/WhatsApp Image 2026-04-29 at 1.25.41 PM.jpeg
10029326,unzipped_data/1/WhatsApp Image 2026-04-29 at 1.25.42 PM (1).jpeg
10029327,unzipped_data/1/WhatsApp Image 2026-04-29 at 1.25.42 PM (2).jpeg
10029031,unzipped_data/1/WhatsApp Image 2026-04-29 at 1.25.42 PM.jpeg
10028794,unzipped_data/1/WhatsApp Image 2026-04-29 at 1.25.43 PM (1).jpeg
10028892,unzipped_data/1/WhatsApp Image 2026-04-29 at 1.25.43 PM.jpeg
10028961,unzipped_data/1/WhatsApp Image 2026-04-29 at 1.25.45 PM (1).jpeg
10028960,unzipped_data/1/WhatsApp Image 2026-04-29 at 1.25.45 PM.jpeg
10029447,unzipped_data/1/WhatsApp Image 2026-04-29 at 1.25.46 PM (1).jpeg
10028959,unzipped_data/1/WhatsApp Image 2026-04-29 at 1.25.46 PM.jpeg
10029449,unzipped_data/1/WhatsApp Image 2026-04-29 at 1.25.47 PM (1).jpeg
10028831,unzipped_data/1/WhatsApp Image 2026-04-29 at 1.25.47 PM (2).jpeg
10029448,unzipped_data/1/WhatsApp Image 2026-04-29 at 1.25.47 PM.jpeg
10029328,unzipped_data/1/WhatsApp Image 2026-04-29 at 1.25.48 PM (1).jpeg
10026674,unzipped_data/1/WhatsApp Image 2026-04-29 at 1.25.48 PM.jpeg
10029330,unzipped_data/1/WhatsApp Image 2026-04-29 at 1.25.49 PM (1).jpeg
10029329,unzipped_data/1/WhatsApp Image 2026-04-29 at 1.25.49 PM.jpeg
10028093,unzipped_data/1/WhatsApp Image 2026-04-29 at 1.25.50 PM (1).jpeg
10029456,unzipped_data/1/WhatsApp Image 2026-04-29 at 1.25.50 PM.jpeg
10029240,unzipped_data/1/WhatsApp Image 2026-04-29 at 1.25.51 PM.jpeg
,unzipped_data/1/WhatsApp Image 2026-04-29 at 1.25.52 PM (1).jpeg
10029241,unzipped_data/1/WhatsApp Image 2026-04-29 at 1.25.52 PM.jpeg
,unzipped_data/1/WhatsApp Image 2026-04-29 at 1.25.53 PM.jpeg
10029409,unzipped_data/1/WhatsApp Image 2026-04-29 at 1.25.54 PM (1).jpeg
10028231,unzipped_data/1/WhatsApp Image 2026-04-29 at 1.25.54 PM.jpeg
10027298,unzipped_data/1/WhatsApp Image 2026-04-29 at 1.25.55 PM (1).jpeg
10029410,unzipped_data/1/WhatsApp Image 2026-04-29 at 1.25.55 PM.jpeg
10027299,unzipped_data/1/WhatsApp Image 2026-04-29 at 1.25.56 PM.jpeg
10029120,unzipped_data/1/WhatsApp Image 2026-04-29 at 1.25.57 PM (1).jpeg
500001,unzipped_data/1/WhatsApp Image 2026-04-29 at 1.25.57 PM (2).jpeg
10025103,unzipped_data/1/WhatsApp Image 2026-04-29 at 1.25.57 PM.jpeg
10022578,unzipped_data/1/WhatsApp Image 2026-04-29 at 1.26.56 PM.jpeg
10028447,unzipped_data/1/WhatsApp Image 2026-04-29 at 1.26.57 PM (1).jpeg
10022091,unzipped_data/1/WhatsApp Image 2026-04-29 at 1.26.57 PM.jpeg
10025820,unzipped_data/1/WhatsApp Image 2026-04-29 at 1.26.58 PM (1).jpeg
10025821,unzipped_data/1/WhatsApp Image 2026-04-29 at 1.26.58 PM.jpeg
,unzipped_data/1/WhatsApp Image 2026-04-29 at 1.26.59 PM (1).jpeg
10019275,unzipped_data/1/WhatsApp Image 2026-04-29 at 1.26.59 PM.jpeg
10028978,unzipped_data/1/WhatsApp Image 2026-04-29 at 1.27.00 PM.jpeg
10025105,unzipped_data/1/WhatsApp Image 2026-04-29 at 1.27.01 PM (1).jpeg
10028977,unzipped_data/1/WhatsApp Image 2026-04-29 at 1.27.01 PM.jpeg
10028818,unzipped_data/1/WhatsApp Image 2026-04-29 at 1.27.02 PM.jpeg
,unzipped_data/1/WhatsApp Image 2026-04-29 at 1.27.03 PM.jpeg
10027761,unzipped_data/1/WhatsApp Image 2026-04-29 at 1.27.04 PM (1).jpeg
1002775,unzipped_data/1/WhatsApp Image 2026-04-29 at 1.27.04 PM.jpeg
10029122,unzipped_data/1/WhatsApp Image 2026-04-29 at 1.27.05 PM (1).jpeg
10027760,unzipped_data/1/WhatsApp Image 2026-04-29 at 1.27.05 PM.jpeg
10029123,unzipped_data/1/WhatsApp Image 2026-04-29 at 1.27.06 PM.jpeg
10029121,unzipped_data/1/WhatsApp Image 2026-04-29 at 1.27.07 PM.jpeg
10029035,unzipped_data/1/WhatsApp Image 2026-04-29 at 1.27.08 PM.jpeg
10021130,unzipped_data/1/WhatsApp Image 2026-04-29 at 1.27.09 PM (1).jpeg
10029034,unzipped_data/1/WhatsApp Image 2026-04-29 at 1.27.09 PM.jpeg
10029125,unzipped_data/1/WhatsApp Image 2026-04-29 at 1.27.10 PM (1).jpeg
10021131,unzipped_data/1/WhatsApp Image 2026-04-29 at 1.27.10 PM.jpeg
10028630,unzipped_data/1/WhatsApp Image 2026-04-29 at 1.27.11 PM (1).jpeg
10029126,unzipped_data/1/WhatsApp Image 2026-04-29 at 1.27.11 PM.jpeg
10028638,unzipped_data/1/WhatsApp Image 2026-04-29 at 1.27.12 PM (1).jpeg
10028637,unzipped_data/1/WhatsApp Image 2026-04-29 at 1.27.12 PM.jpeg
10028641,unzipped_data/1/WhatsApp Image 2026-04-29 at 1.27.13 PM (1).jpeg
10028639,unzipped_data/1/WhatsApp Image 2026-04-29 at 1.27.13 PM.jpeg
10028636,unzipped_data/1/WhatsApp Image 2026-04-29 at 1.27.14 PM (1).jpeg
10027542,unzipped_data/1/WhatsApp Image 2026-04-29 at 1.27.14 PM.jpeg
10028631,unzipped_data/1/WhatsApp Image 2026-04-29 at 1.27.16 PM (1).jpeg
10028629,unzipped_data/1/WhatsApp Image 2026-04-29 at 1.27.16 PM.jpeg
10028633,unzipped_data/1/WhatsApp Image 2026-04-29 at 1.27.17 PM (1).jpeg
10028634,unzipped_data/1/WhatsApp Image 2026-04-29 at 1.27.17 PM (2).jpeg
10028632,unzipped_data/1/WhatsApp Image 2026-04-29 at 1.27.17 PM.jpeg
10016728,unzipped_data/1/WhatsApp Image 2026-04-29 at 1.27.18 PM (1).jpeg
10028635,unzipped_data/1/WhatsApp Image 2026-04-29 at 1.27.18 PM.jpeg
10028197,unzipped_data/1/WhatsApp Image 2026-04-29 at 1.27.19 PM (1).jpeg
10027736,unzipped_data/1/WhatsApp Image 2026-04-29 at 1.27.19 PM.jpeg
10028198,unzipped_data/1/WhatsApp Image 2026-04-29 at 1.27.20 PM (1).jpeg
10028257,unzipped_data/1/WhatsApp Image 2026-04-29 at 1.27.20 PM (2).jpeg
10028196,unzipped_data/1/WhatsApp Image 2026-04-29 at 1.27.20 PM.jpeg
10029107,unzipped_data/1/WhatsApp Image 2026-04-29 at 1.27.21 PM (1).jpeg
10028449,unzipped_data/1/WhatsApp Image 2026-04-29 at 1.27.21 PM.jpeg
271002851,unzipped_data/1/WhatsApp Image 2026-04-29 at 1.27.22 PM (1).jpeg
10028448,unzipped_data/1/WhatsApp Image 2026-04-29 at 1.27.22 PM.jpeg
10029433,unzipped_data/1/WhatsApp Image 2026-04-29 at 1.27.23 PM (1).jpeg
10029036,unzipped_data/1/WhatsApp Image 2026-04-29 at 1.27.23 PM (2).jpeg
10028520,unzipped_data/1/WhatsApp Image 2026-04-29 at 1.27.23 PM.jpeg
10029242,unzipped_data/1/WhatsApp Image 2026-04-29 at 1.27.24 PM (1).jpeg
10029215,unzipped_data/1/WhatsApp Image 2026-04-29 at 1.27.24 PM.jpeg
10029305,unzipped_data/1/WhatsApp Image 2026-04-29 at 1.27.25 PM (1).jpeg
10029244,unzipped_data/1/WhatsApp Image 2026-04-29 at 1.27.25 PM.jpeg
10029306,unzipped_data/1/WhatsApp Image 2026-04-29 at 1.27.26 PM.jpeg
